sample_id,source,reentrancy,arithmetic_oracle,defi_protection,access_control,state_management,unchecked_call,input_validation
vfp_00001,forge_positive,1,1,1,1,1,0,1
vfp_00002,forge_positive,0,0,1,0,0,0,0
vfp_00003,forge_positive,0,0,1,1,1,1,1
vfp_00004,forge_positive,1,1,0,1,0,0,1
vfp_00006,forge_positive,0,0,1,0,1,1,0
vfp_00011,forge_positive,1,1,0,0,1,0,1
vfp_00012,forge_positive,0,0,1,0,0,0,0
vfp_00014,forge_positive,0,0,0,0,0,0,1
vfp_00015,forge_positive,0,0,1,0,0,0,0
vfp_00016,forge_positive,0,0,1,0,0,0,0
vfp_00019,forge_positive,0,0,0,0,0,0,1
vfp_00020,forge_positive,0,0,0,1,0,0,0
vfp_00021,forge_positive,1,0,0,1,0,0,0
vfp_00022,forge_positive,1,1,1,1,0,1,1
vfp_00023,forge_positive,0,0,0,0,1,0,0
vfp_00024,forge_positive,1,0,0,1,1,1,1
vfp_00026,forge_positive,0,0,0,0,1,0,1
vfp_00027,forge_positive,0,0,0,0,1,0,0
vfp_00028,forge_positive,0,1,0,1,0,0,1
vfp_00029,forge_positive,0,1,0,1,1,0,0
vfp_00030,forge_positive,1,0,0,0,0,0,0
vfp_00032,forge_positive,0,0,1,0,0,0,0
vfp_00033,forge_positive,0,0,0,0,1,0,1
vfp_00034,forge_positive,0,0,0,0,0,0,1
vfp_00035,forge_positive,0,0,0,0,1,0,0
vfp_00036,forge_positive,0,0,0,1,0,0,0
vfp_00037,forge_positive,0,0,1,1,1,1,0
vfp_00038,forge_positive,1,0,1,1,0,1,0
vfp_00039,forge_positive,0,1,0,0,0,0,0
vfp_00041,forge_positive,0,0,0,0,1,1,0
vfp_00042,forge_positive,0,1,0,0,0,1,0
vfp_00043,forge_positive,0,1,0,0,0,0,1
vfp_00044,forge_positive,0,1,0,0,1,0,1
vfp_00045,forge_positive,1,0,0,1,0,0,0
vfp_00046,forge_positive,1,1,0,0,0,0,0
vfp_00047,forge_positive,0,0,0,0,1,1,0
vfp_00048,forge_positive,1,0,0,0,1,1,0
vfp_00049,forge_positive,0,0,0,1,0,0,0
vfp_00050,forge_positive,1,0,0,0,0,0,0
vfp_00051,forge_positive,1,0,0,0,0,0,1
vfp_00052,forge_positive,0,0,0,0,0,0,1
vfp_00053,forge_positive,0,1,0,0,0,1,0
vfp_00055,forge_positive,1,0,0,0,0,0,0
vfp_00056,forge_positive,1,0,0,0,0,0,0
vfp_00057,forge_positive,1,0,0,0,0,0,0
vfp_00058,forge_positive,0,0,0,0,0,0,1
vfp_00059,forge_positive,1,0,0,0,0,0,0
vfp_00060,forge_positive,0,0,1,0,1,0,0
vfp_00061,forge_positive,0,1,1,0,1,1,1
vfp_00062,forge_positive,0,0,0,1,1,0,1
vfp_00063,forge_positive,0,0,0,0,0,0,1
vfp_00064,forge_positive,0,1,0,0,0,0,0
vfp_00065,forge_positive,1,0,0,0,1,0,1
vfp_00067,forge_positive,1,1,1,0,1,1,1
vfp_00071,forge_positive,0,0,1,0,0,0,1
vfp_00072,forge_positive,0,0,0,0,0,1,0
vfp_00073,forge_positive,0,0,0,0,0,0,1
vfp_00075,forge_positive,0,0,0,0,0,0,1
vfp_00076,forge_positive,0,0,0,0,1,0,0
vfp_00077,forge_positive,1,0,0,0,0,0,0
vfp_00079,forge_positive,1,0,0,0,0,0,0
vfp_00080,forge_positive,0,0,1,0,0,0,0
vfp_00081,forge_positive,1,1,0,0,1,0,0
vfp_00083,forge_positive,1,0,0,0,0,0,0
vfp_00084,forge_positive,0,1,0,0,0,0,0
vfp_00086,forge_positive,1,0,0,0,0,0,1
vfp_00087,forge_positive,0,0,0,0,1,0,0
vfp_00090,forge_positive,1,1,0,0,1,1,1
vfp_00091,forge_positive,0,1,0,0,1,0,0
vfp_00092,forge_positive,0,1,0,0,0,0,0
vfp_00093,forge_positive,0,0,1,0,0,0,0
vfp_00094,forge_positive,0,1,0,0,0,0,0
vfp_00096,forge_positive,0,1,0,0,0,0,0
vfp_00097,forge_positive,0,0,0,0,0,1,0
vfp_00098,forge_positive,1,1,0,1,0,1,1
vfp_00099,forge_positive,1,0,0,0,0,0,0
vfp_00100,forge_positive,0,0,0,0,1,0,1
vfp_00101,forge_positive,1,0,0,0,0,0,0
vfp_00104,forge_positive,0,0,0,0,0,0,1
vfp_00105,forge_positive,1,0,0,0,0,0,0
vfp_00106,forge_positive,0,0,1,0,0,1,0
vfp_00110,forge_positive,0,1,0,0,0,0,0
vfp_00111,forge_positive,0,0,0,1,0,0,0
vfp_00112,forge_positive,1,0,0,0,0,0,0
vfp_00114,forge_positive,1,0,1,0,0,0,1
vfp_00115,forge_positive,1,0,0,0,0,1,0
vfp_00116,forge_positive,0,0,1,0,1,0,0
vfp_00118,forge_positive,0,0,1,0,0,0,1
vfp_00120,forge_positive,0,0,1,0,0,1,0
vfp_00121,forge_positive,0,0,0,0,0,1,0
vfp_00122,forge_positive,0,1,0,0,0,0,0
vfp_00123,forge_positive,0,0,0,0,1,0,0
vfp_00124,forge_positive,1,0,0,0,0,0,0
vfp_00125,forge_positive,1,0,0,0,0,0,0
vfp_00126,forge_positive,0,1,0,0,0,0,0
vfp_00127,forge_positive,0,0,0,1,0,0,0
vfp_00128,forge_positive,0,0,1,0,0,0,0
vfp_00129,forge_positive,0,0,1,1,0,1,1
vfp_00130,forge_positive,0,0,0,1,0,0,0
vfp_00131,forge_positive,0,0,0,1,0,0,0
vfp_00132,forge_positive,1,1,0,0,1,0,0
vfp_00133,forge_positive,0,0,0,0,0,0,1
vfp_00134,forge_positive,1,1,1,0,1,0,1
vfp_00135,forge_positive,1,0,0,0,0,1,0
vfp_00136,forge_positive,1,1,1,1,1,0,1
vfp_00137,forge_positive,0,1,0,0,0,0,0
vfp_00138,forge_positive,0,1,0,0,1,0,0
vfp_00139,forge_positive,0,0,0,0,1,0,1
vfp_00140,forge_positive,0,0,1,0,0,0,0
vfp_00141,forge_positive,0,1,0,0,1,0,0
vfp_00142,forge_positive,0,0,0,0,1,0,0
vfp_00143,forge_positive,0,0,0,0,0,0,1
vfp_00144,forge_positive,0,1,0,0,0,0,0
vfp_00145,forge_positive,0,1,0,0,0,1,0
vfp_00146,forge_positive,0,1,0,0,0,0,0
vfp_00147,forge_positive,1,0,1,0,0,0,1
vfp_00149,forge_positive,0,1,0,0,0,0,0
vfp_00151,forge_positive,0,0,0,0,1,0,0
vfp_00156,forge_positive,0,0,0,0,0,0,1
vfp_00157,forge_positive,1,0,0,0,0,0,0
vfp_00159,forge_positive,0,0,1,0,0,1,0
vfp_00160,forge_positive,0,1,0,0,0,0,0
vfp_00161,forge_positive,0,1,0,0,0,0,0
vfp_00162,forge_positive,0,0,0,0,0,0,1
vfp_00163,forge_positive,0,0,0,0,0,0,1
vfp_00164,forge_positive,0,1,0,0,0,0,0
vfp_00165,forge_positive,0,0,1,0,0,0,0
vfp_00166,forge_positive,0,1,0,0,0,0,0
vfp_00168,forge_positive,0,0,0,0,0,0,1
vfp_00169,forge_positive,0,0,0,0,0,0,1
vfp_00170,forge_positive,0,0,0,0,0,0,1
vfp_00171,forge_positive,0,1,0,0,0,0,0
vfp_00172,forge_positive,0,1,0,0,0,0,0
vfp_00173,forge_positive,0,0,0,0,0,0,1
vfp_00180,forge_positive,1,1,1,1,1,0,1
vfp_00181,forge_positive,1,0,0,0,0,0,0
vfp_00182,forge_positive,0,0,0,1,0,0,0
vfp_00183,forge_positive,0,0,0,0,0,1,0
vfp_00184,forge_positive,0,0,0,0,0,1,0
vfp_00185,forge_positive,0,0,0,0,1,0,0
vfp_00186,forge_positive,0,0,0,0,1,1,1
vfp_00187,forge_positive,1,1,1,0,1,0,0
vfp_00188,forge_positive,0,1,0,0,0,0,0
vfp_00192,forge_positive,1,0,0,0,0,0,0
vfp_00193,forge_positive,1,1,0,0,1,0,1
vfp_00194,forge_positive,0,0,0,1,0,0,0
vfp_00195,forge_positive,1,0,0,0,1,0,0
vfp_00196,forge_positive,0,0,0,0,1,0,0
vfp_00197,forge_positive,1,1,0,0,1,0,1
vfp_00200,forge_positive,0,0,0,0,0,0,1
vfp_00202,forge_positive,1,1,1,0,1,0,1
vfp_00204,forge_positive,1,1,1,0,0,0,1
vfp_00206,forge_positive,0,1,0,0,0,0,0
vfp_00207,forge_positive,0,0,0,0,1,0,0
vfp_00208,forge_positive,1,1,0,0,0,0,0
vfp_00209,forge_positive,1,0,0,0,0,0,0
vfp_00210,forge_positive,1,1,0,0,1,1,0
vfp_00211,forge_positive,0,0,1,0,1,0,1
vfp_00212,forge_positive,1,1,1,1,1,1,1
vfp_00213,forge_positive,0,1,0,0,0,0,0
vfp_00214,forge_positive,0,0,0,0,0,0,1
vfp_00215,forge_positive,0,0,0,0,0,0,1
vfp_00217,forge_positive,1,0,0,0,0,0,0
vfp_00218,forge_positive,0,0,0,0,1,0,1
vfp_00219,forge_positive,0,0,0,0,0,0,1
vfp_00220,forge_positive,0,0,0,0,0,0,1
vfp_00222,forge_positive,0,0,0,0,1,0,0
vfp_00223,forge_positive,0,1,0,0,0,0,1
vfp_00224,forge_positive,0,1,0,0,0,0,1
vfp_00225,forge_positive,0,1,0,0,1,0,0
vfp_00226,forge_positive,1,0,0,0,0,0,0
vfp_00227,forge_positive,0,1,0,0,0,0,0
vfp_00228,forge_positive,0,0,0,0,0,1,1
vfp_00229,forge_positive,0,0,0,0,1,0,0
vfp_00230,forge_positive,1,0,0,0,0,0,1
vfp_00231,forge_positive,1,0,0,0,0,1,1
vfp_00233,forge_positive,0,1,0,0,0,0,0
vfp_00234,forge_positive,0,0,1,0,0,1,0
vfp_00235,forge_positive,1,0,0,0,0,0,0
vfp_00236,forge_positive,1,0,0,0,0,0,0
vfp_00237,forge_positive,1,0,0,0,0,0,1
vfp_00238,forge_positive,0,0,0,1,0,0,0
vfp_00240,forge_positive,0,1,0,0,0,0,0
vfp_00243,forge_positive,0,0,0,0,1,0,0
vfp_00244,forge_positive,0,0,0,0,0,1,0
vfp_00245,forge_positive,1,0,1,0,1,0,1
vfp_00247,forge_positive,1,0,1,1,1,0,1
vfp_00248,forge_positive,0,0,0,0,0,0,1
vfp_00249,forge_positive,1,0,0,0,0,0,0
vfp_00250,forge_positive,0,1,1,0,0,0,0
vfp_00251,forge_positive,1,0,0,0,0,0,0
vfp_00252,forge_positive,1,0,0,0,0,0,0
vfp_00253,forge_positive,0,1,0,0,0,0,1
vfp_00254,forge_positive,0,0,0,0,0,0,1
vfp_00255,forge_positive,1,1,1,0,1,1,1
vfp_00256,forge_positive,0,1,0,0,0,0,0
vfp_00257,forge_positive,0,0,0,0,0,1,0
vfp_00258,forge_positive,1,1,1,1,1,1,1
vfp_00259,forge_positive,0,1,0,0,0,0,1
vfp_00261,forge_positive,0,0,0,0,1,0,1
vfp_00263,forge_positive,0,0,0,0,0,0,1
vfp_00264,forge_positive,0,0,0,0,1,0,0
vfp_00265,forge_positive,0,0,0,0,1,0,0
vfp_00267,forge_positive,0,0,1,0,0,0,0
vfp_00268,forge_positive,0,0,0,0,1,0,0
vfp_00269,forge_positive,0,0,1,0,1,0,1
vfp_00270,forge_positive,0,0,0,0,1,1,1
vfp_00272,forge_positive,1,0,0,0,0,0,1
vfp_00273,forge_positive,1,0,0,0,0,0,1
vfp_00274,forge_positive,0,0,0,0,0,0,1
vfp_00275,forge_positive,0,1,0,0,0,0,0
vfp_00276,forge_positive,1,0,0,0,0,0,0
vfp_00279,forge_positive,0,0,1,0,0,0,0
vfp_00280,forge_positive,1,0,0,1,1,0,1
vfp_00281,forge_positive,1,1,1,1,1,1,1
vfp_00282,forge_positive,0,0,0,1,1,0,0
vfp_00283,forge_positive,0,1,0,0,1,0,1
vfp_00285,forge_positive,1,0,0,1,1,0,1
vfp_00286,forge_positive,0,0,0,0,0,1,0
vfp_00287,forge_positive,1,1,0,0,0,0,0
vfp_00289,forge_positive,0,1,0,0,0,0,0
vfp_00290,forge_positive,0,1,0,0,0,0,0
vfp_00291,forge_positive,0,0,1,1,1,1,0
vfp_00292,forge_positive,1,0,0,0,0,1,0
vfp_00293,forge_positive,0,0,1,0,0,0,0
vfp_00294,forge_positive,1,1,1,0,1,1,1
vfp_00297,forge_positive,0,1,1,0,1,0,1
vfp_00298,forge_positive,0,1,0,0,1,0,1
vfp_00299,forge_positive,1,0,0,0,0,0,1
vfp_00300,forge_positive,0,0,1,0,0,0,0
vfp_00301,forge_positive,0,0,0,0,0,1,0
vfp_00302,forge_positive,0,0,0,0,1,0,0
vfp_00303,forge_positive,1,0,0,0,0,0,0
vfp_00305,forge_positive,0,0,1,0,0,0,0
vfp_00306,forge_positive,0,0,0,0,0,1,0
vfp_00307,forge_positive,0,0,0,0,0,0,1
vfp_00308,forge_positive,1,0,0,0,1,0,1
vfp_00310,forge_positive,0,0,0,0,1,0,0
vfp_00311,forge_positive,0,1,0,0,0,0,0
vfp_00312,forge_positive,0,0,0,0,0,0,1
vfp_00313,forge_positive,0,0,0,0,0,0,1
vfp_00314,forge_positive,0,1,1,1,0,0,0
vfp_00315,forge_positive,0,0,0,0,0,1,1
vfp_00316,forge_positive,1,0,0,0,1,0,1
vfp_00317,forge_positive,1,0,1,0,1,0,0
vfp_00318,forge_positive,0,0,1,0,0,0,1
vfp_00319,forge_positive,0,0,0,0,1,0,1
vfp_00320,forge_positive,0,0,1,1,0,0,0
vfp_00321,forge_positive,0,0,0,0,0,0,1
vfp_00322,forge_positive,0,0,0,0,0,0,1
vfp_00323,forge_positive,0,0,0,0,1,0,0
vfp_00324,forge_positive,0,0,0,1,0,0,0
vfp_00325,forge_positive,0,0,0,0,1,0,0
vfp_00327,forge_positive,0,0,0,1,0,0,0
vfp_00328,forge_positive,0,0,0,0,0,0,1
vfp_00329,forge_positive,0,0,0,0,0,0,1
vfp_00330,forge_positive,1,1,0,1,1,1,0
vfp_00331,forge_positive,0,0,1,1,1,0,0
vfp_00332,forge_positive,0,1,0,0,1,1,1
vfp_00334,forge_positive,0,0,0,0,1,1,1
vfp_00335,forge_positive,1,1,1,0,1,1,1
vfp_00337,forge_positive,0,0,0,0,1,0,0
vfp_00338,forge_positive,0,0,0,0,0,1,1
vfp_00339,forge_positive,0,0,0,0,0,0,1
vfp_00340,forge_positive,0,0,0,0,0,0,1
vfp_00341,forge_positive,0,0,0,0,0,0,1
vfp_00342,forge_positive,0,1,0,0,1,0,1
vfp_00343,forge_positive,0,0,0,0,0,0,1
vfp_00344,forge_positive,0,0,0,0,1,0,0
vfp_00345,forge_positive,0,0,0,1,0,0,0
vfp_00346,forge_positive,1,1,1,0,0,1,1
vfp_00347,forge_positive,0,1,0,0,0,0,0
vfp_00349,forge_positive,1,1,0,0,1,1,1
vfp_00350,forge_positive,0,0,0,1,1,0,0
vfp_00351,forge_positive,0,0,1,0,0,0,0
vfp_00352,forge_positive,0,0,1,0,0,0,0
vfp_00354,forge_positive,1,0,1,1,1,1,1
vfp_00355,forge_positive,1,0,0,0,0,0,0
vfp_00356,forge_positive,0,0,1,0,1,0,0
vfp_00357,forge_positive,1,0,1,1,0,0,1
vfp_00358,forge_positive,0,0,0,1,0,0,0
vfp_00359,forge_positive,0,0,0,0,0,0,1
vfp_00361,forge_positive,0,0,0,0,0,0,1
vfp_00362,forge_positive,0,0,0,1,0,0,0
vfp_00363,forge_positive,0,0,1,0,0,0,0
vfp_00364,forge_positive,1,1,1,0,1,0,1
vfp_00365,forge_positive,0,1,0,0,0,0,0
vfp_00369,forge_positive,0,1,1,1,0,0,1
vfp_00371,forge_positive,1,1,0,0,0,0,1
vfp_00372,forge_positive,1,0,0,0,0,0,0
vfp_00373,forge_positive,0,0,1,0,0,1,1
vfp_00374,forge_positive,0,0,0,0,0,1,0
vfp_00375,forge_positive,0,0,0,0,0,1,0
vfp_00377,forge_positive,0,0,0,0,1,0,0
vfp_00378,forge_positive,0,0,1,0,1,0,0
vfp_00379,forge_positive,0,0,0,0,1,0,0
vfp_00381,forge_positive,0,0,0,0,0,0,1
vfp_00382,forge_positive,1,0,0,0,1,0,0
vfp_00383,forge_positive,0,1,0,0,0,0,0
vfp_00384,forge_positive,1,0,0,0,0,0,0
vfp_00385,forge_positive,0,0,0,1,0,0,0
vfp_00386,forge_positive,0,0,1,0,0,0,1
vfp_00388,forge_positive,1,1,0,0,1,0,0
vfp_00390,forge_positive,0,0,0,1,0,0,0
vfp_00391,forge_positive,0,1,1,0,1,0,0
vfp_00392,forge_positive,0,0,0,0,0,1,1
vfp_00395,forge_positive,0,0,0,1,1,0,0
vfp_00397,forge_positive,0,1,0,0,0,0,1
vfp_00398,forge_positive,0,0,0,0,0,0,1
vfp_00399,forge_positive,1,1,1,0,1,1,1
vfp_00402,forge_positive,1,1,0,0,1,0,1
vfp_00403,forge_positive,0,0,0,0,1,0,0
vfp_00404,forge_positive,0,1,0,0,1,0,1
vfp_00405,forge_positive,0,1,1,0,0,0,0
vfp_00406,forge_positive,0,0,0,1,0,0,0
vfp_00408,forge_positive,0,0,0,0,1,0,0
vfp_00410,forge_positive,0,0,0,0,0,0,1
vfp_00412,forge_positive,0,0,0,0,0,0,1
vfp_00414,forge_positive,0,0,0,0,1,0,0
vfp_00415,forge_positive,1,1,0,0,1,1,1
vfp_00416,forge_positive,0,0,0,0,0,1,0
vfp_00417,forge_positive,0,1,0,0,0,0,0
vfp_00418,forge_positive,0,1,0,0,0,0,0
vfp_00419,forge_positive,0,0,0,0,0,0,1
vfp_00420,forge_positive,1,0,0,0,0,0,1
vfp_00422,forge_positive,1,0,0,0,0,1,0
vfp_00423,forge_positive,1,0,0,0,0,0,0
vfp_00426,forge_positive,1,0,0,0,0,0,0
vfp_00427,forge_positive,0,0,0,0,1,0,0
vfp_00428,forge_positive,0,0,0,1,0,0,0
vfp_00433,forge_positive,0,0,0,1,0,0,0
vfp_00435,forge_positive,0,0,0,1,0,0,1
vfp_00436,forge_positive,0,0,0,0,0,0,1
vfp_00437,forge_positive,0,1,0,1,0,1,1
vfp_00438,forge_positive,1,0,1,0,1,0,0
vfp_00441,forge_positive,0,0,0,0,0,0,1
vfp_00442,forge_positive,0,1,0,0,1,0,0
vfp_00443,forge_positive,0,0,0,0,1,0,0
vfp_00444,forge_positive,0,0,0,1,0,0,1
vfp_00445,forge_positive,0,0,0,0,1,1,1
vfp_00446,forge_positive,0,1,0,0,0,0,0
vfp_00448,forge_positive,1,1,0,0,1,1,1
vfp_00451,forge_positive,0,0,0,0,0,0,1
vfp_00453,forge_positive,1,0,0,0,0,0,0
vfp_00454,forge_positive,0,1,0,0,0,0,0
vfp_00456,forge_positive,1,1,1,0,1,1,1
vfp_00457,forge_positive,1,1,0,0,1,1,1
vfp_00458,forge_positive,0,1,0,0,0,0,0
vfp_00459,forge_positive,0,1,1,0,1,0,0
vfp_00460,forge_positive,1,1,0,0,1,0,0
vfp_00461,forge_positive,0,0,1,0,0,0,0
vfp_00462,forge_positive,0,1,0,1,1,0,1
vfp_00463,forge_positive,1,0,1,0,1,1,1
vfp_00464,forge_positive,1,0,1,0,0,1,1
vfp_00465,forge_positive,0,0,0,0,1,0,1
vfp_00466,forge_positive,0,1,0,0,0,0,0
vfp_00467,forge_positive,0,1,0,0,0,0,0
vfp_00468,forge_positive,1,1,0,0,0,0,1
vfp_00469,forge_positive,1,0,0,0,0,0,0
vfp_00471,forge_positive,0,1,0,0,0,0,0
vfp_00472,forge_positive,1,0,0,0,0,0,1
vfp_00473,forge_positive,1,0,0,0,1,1,0
vfp_00474,forge_positive,0,0,0,0,0,0,1
vfp_00475,forge_positive,1,1,0,0,0,0,0
vfp_00476,forge_positive,0,0,0,0,0,0,1
vfp_00477,forge_positive,1,0,1,0,0,0,0
vfp_00478,forge_positive,0,1,0,0,0,0,0
vfp_00479,forge_positive,1,0,0,0,0,0,0
vfp_00480,forge_positive,0,1,0,0,0,0,1
vfp_00481,forge_positive,0,1,0,0,0,0,0
vfp_00482,forge_positive,0,1,0,0,0,0,1
vfp_00483,forge_positive,0,0,1,0,0,0,0
vfp_00484,forge_positive,0,0,0,0,1,0,0
vfp_00485,forge_positive,1,0,0,0,1,0,0
vfp_00486,forge_positive,0,0,1,0,0,0,0
vfp_00487,forge_positive,0,0,0,0,0,0,1
vfp_00488,forge_positive,0,0,0,0,0,0,1
vfp_00489,forge_positive,0,0,0,0,0,0,1
vfp_00490,forge_positive,0,0,0,0,1,0,1
vfp_00492,forge_positive,0,0,0,0,1,0,1
vfp_00494,forge_positive,0,0,1,0,0,0,0
vfp_00495,forge_positive,0,1,0,0,0,0,0
vfp_00496,forge_positive,0,0,0,1,0,0,1
vfp_00497,forge_positive,1,1,0,1,1,1,1
vfp_00498,forge_positive,0,0,0,0,0,0,1
vfp_00499,forge_positive,1,0,1,0,0,0,1
vfp_00500,forge_positive,0,0,0,0,1,0,0
vfp_00501,forge_positive,0,0,1,0,0,0,0
vfp_00502,forge_positive,0,0,1,0,0,0,0
vfp_00503,forge_positive,0,0,0,0,0,0,1
vfp_00504,forge_positive,0,0,1,1,1,0,0
vfp_00506,forge_positive,0,0,0,0,1,0,0
vfp_00507,forge_positive,0,0,0,0,0,1,0
vfp_00509,forge_positive,0,1,0,0,0,0,0
vfp_00510,forge_positive,0,0,0,0,0,0,1
vfp_00511,forge_positive,1,1,0,0,0,0,1
vfp_00512,forge_positive,0,1,0,0,0,0,0
vfp_00513,forge_positive,0,1,0,0,1,0,0
vfp_00514,forge_positive,0,0,0,0,1,0,0
vfp_00515,forge_positive,0,0,0,0,0,0,1
vfp_00516,forge_positive,0,0,0,0,1,0,0
vfp_00517,forge_positive,0,0,0,0,0,1,0
vfp_00518,forge_positive,0,1,1,0,1,1,1
vfp_00519,forge_positive,0,0,0,0,0,0,1
vfp_00520,forge_positive,1,0,0,0,0,0,0
vfp_00522,forge_positive,0,1,0,0,0,1,1
vfp_00523,forge_positive,0,0,0,0,0,0,1
vfp_00524,forge_positive,0,1,0,0,0,0,0
vfp_00525,forge_positive,0,1,0,0,0,0,0
vfp_00526,forge_positive,0,0,0,0,1,0,0
vfp_00527,forge_positive,1,1,0,1,0,1,1
vfp_00528,forge_positive,0,0,0,0,0,1,1
vfp_00529,forge_positive,1,0,0,0,1,0,0
vfp_00530,forge_positive,0,0,0,0,0,0,1
vfp_00531,forge_positive,0,1,0,0,0,0,0
vfp_00532,forge_positive,1,1,1,1,1,1,1
vfp_00533,forge_positive,0,1,0,0,0,0,1
vfp_00535,forge_positive,0,1,0,0,0,0,0
vfp_00536,forge_positive,0,1,0,0,0,0,0
vfp_00537,forge_positive,0,1,0,0,1,0,0
vfp_00538,forge_positive,0,0,0,0,1,0,0
vfp_00539,forge_positive,0,0,0,0,0,0,1
vfp_00540,forge_positive,0,0,0,0,1,0,0
vfp_00541,forge_positive,1,0,0,0,0,0,0
vfp_00542,forge_positive,1,0,1,0,0,1,1
vfp_00543,forge_positive,0,0,1,0,0,0,1
vfp_00545,forge_positive,0,0,0,0,1,0,0
vfp_00546,forge_positive,1,1,1,1,1,0,0
vfp_00548,forge_positive,1,0,0,0,1,0,1
vfp_00550,forge_positive,1,0,0,0,0,0,0
vfp_00551,forge_positive,0,0,0,0,1,0,0
vfp_00552,forge_positive,0,1,0,0,1,0,0
vfp_00553,forge_positive,0,0,0,0,0,0,1
vfp_00556,forge_positive,0,0,0,0,0,0,1
vfp_00557,forge_positive,0,0,1,0,0,0,0
vfp_00558,forge_positive,1,1,1,0,1,1,1
vfp_00559,forge_positive,1,0,0,0,0,0,1
vfp_00560,forge_positive,0,0,0,0,0,0,1
vfp_00561,forge_positive,0,0,1,0,0,0,0
vfp_00563,forge_positive,0,0,0,0,1,0,1
vfp_00566,forge_positive,0,0,1,0,0,1,0
vfp_00567,forge_positive,0,0,0,0,0,0,1
vfp_00568,forge_positive,0,0,0,0,0,0,1
vfp_00569,forge_positive,0,1,0,0,0,0,0
vfp_00570,forge_positive,0,0,0,0,1,0,0
vfp_00571,forge_positive,0,1,1,0,1,1,1
vfp_00572,forge_positive,1,1,1,0,0,0,1
vfp_00573,forge_positive,0,1,0,0,0,0,1
vfp_00574,forge_positive,1,0,0,0,1,1,0
vfp_00575,forge_positive,0,0,0,0,1,1,1
vfp_00577,forge_positive,0,0,1,0,1,0,0
vfp_00580,forge_positive,0,0,0,0,1,0,0
vfp_00583,forge_positive,0,0,0,0,0,0,1
vfp_00584,forge_positive,0,0,0,0,0,1,0
vfp_00585,forge_positive,1,1,1,0,1,1,1
vfp_00587,forge_positive,0,0,1,1,1,1,0
vfp_00588,forge_positive,1,0,1,0,0,0,1
vfp_00589,forge_positive,1,1,0,1,1,1,0
vfp_00590,forge_positive,0,0,1,1,1,0,1
vfp_00591,forge_positive,0,0,1,0,0,0,0
vfp_00592,forge_positive,0,0,0,0,1,0,0
vfp_00594,forge_positive,0,0,0,1,1,0,1
vfp_00595,forge_positive,0,1,0,0,1,0,0
vfp_00596,forge_positive,0,0,1,1,0,0,1
vfp_00597,forge_positive,0,0,0,0,0,0,1
vfp_00599,forge_positive,1,0,1,0,0,0,0
vfp_00600,forge_positive,0,0,0,1,0,0,0
vfp_00601,forge_positive,1,1,0,1,1,1,1
vfp_00603,forge_positive,1,0,0,0,0,0,0
vfp_00605,forge_positive,0,0,0,0,0,0,1
vfp_00607,forge_positive,0,0,1,0,1,1,1
vfp_00608,forge_positive,1,0,1,1,1,1,1
vfp_00610,forge_positive,0,0,0,1,0,0,1
vfp_00611,forge_positive,1,1,1,0,1,1,1
vfp_00612,forge_positive,0,0,1,0,0,0,0
vfp_00613,forge_positive,1,0,0,0,0,0,0
vfp_00614,forge_positive,0,0,0,0,0,1,0
vfp_00615,forge_positive,1,0,1,0,1,0,0
vfp_00616,forge_positive,1,0,0,1,0,0,0
vfp_00617,forge_positive,0,1,0,1,0,0,1
neg_00000,forge_negative,0,0,0,0,0,0,0
neg_00001,forge_negative,0,0,0,0,0,0,0
neg_00002,forge_negative,0,0,0,0,0,0,0
neg_00003,forge_negative,0,0,0,0,0,0,0
neg_00004,forge_negative,0,0,0,0,0,0,0
neg_00005,forge_negative,0,0,0,0,0,0,0
neg_00006,forge_negative,0,0,0,0,0,0,0
neg_00007,forge_negative,0,0,0,0,0,0,0
neg_00008,forge_negative,0,0,0,0,0,0,0
neg_00009,forge_negative,0,0,0,0,0,0,0
neg_00010,forge_negative,0,0,0,0,0,0,0
neg_00011,forge_negative,0,0,0,0,0,0,0
neg_00012,forge_negative,0,0,0,0,0,0,0
neg_00013,forge_negative,0,0,0,0,0,0,0
neg_00014,forge_negative,0,0,0,0,0,0,0
neg_00015,forge_negative,0,0,0,0,0,0,0
neg_00016,forge_negative,0,0,0,0,0,0,0
neg_00017,forge_negative,0,0,0,0,0,0,0
neg_00018,forge_negative,0,0,0,0,0,0,0
neg_00019,forge_negative,0,0,0,0,0,0,0
neg_00020,forge_negative,0,0,0,0,0,0,0
neg_00021,forge_negative,0,0,0,0,0,0,0
neg_00022,forge_negative,0,0,0,0,0,0,0
neg_00023,forge_negative,0,0,0,0,0,0,0
neg_00024,forge_negative,0,0,0,0,0,0,0
neg_00025,forge_negative,0,0,0,0,0,0,0
neg_00026,forge_negative,0,0,0,0,0,0,0
neg_00027,forge_negative,0,0,0,0,0,0,0
neg_00028,forge_negative,0,0,0,0,0,0,0
neg_00029,forge_negative,0,0,0,0,0,0,0
neg_00030,forge_negative,0,0,0,0,0,0,0
neg_00031,forge_negative,0,0,0,0,0,0,0
neg_00032,forge_negative,0,0,0,0,0,0,0
neg_00033,forge_negative,0,0,0,0,0,0,0
neg_00034,forge_negative,0,0,0,0,0,0,0
neg_00035,forge_negative,0,0,0,0,0,0,0
neg_00036,forge_negative,0,0,0,0,0,0,0
neg_00037,forge_negative,0,0,0,0,0,0,0
neg_00038,forge_negative,0,0,0,0,0,0,0
neg_00039,forge_negative,0,0,0,0,0,0,0
neg_00040,forge_negative,0,0,0,0,0,0,0
neg_00041,forge_negative,0,0,0,0,0,0,0
neg_00042,forge_negative,0,0,0,0,0,0,0
neg_00043,forge_negative,0,0,0,0,0,0,0
neg_00044,forge_negative,0,0,0,0,0,0,0
neg_00045,forge_negative,0,0,0,0,0,0,0
neg_00046,forge_negative,0,0,0,0,0,0,0
neg_00047,forge_negative,0,0,0,0,0,0,0
neg_00048,forge_negative,0,0,0,0,0,0,0
neg_00049,forge_negative,0,0,0,0,0,0,0
neg_00050,forge_negative,0,0,0,0,0,0,0
neg_00051,forge_negative,0,0,0,0,0,0,0
neg_00052,forge_negative,0,0,0,0,0,0,0
neg_00053,forge_negative,0,0,0,0,0,0,0
neg_00054,forge_negative,0,0,0,0,0,0,0
neg_00055,forge_negative,0,0,0,0,0,0,0
neg_00056,forge_negative,0,0,0,0,0,0,0
neg_00057,forge_negative,0,0,0,0,0,0,0
neg_00058,forge_negative,0,0,0,0,0,0,0
neg_00059,forge_negative,0,0,0,0,0,0,0
neg_00060,forge_negative,0,0,0,0,0,0,0
neg_00061,forge_negative,0,0,0,0,0,0,0
neg_00062,forge_negative,0,0,0,0,0,0,0
neg_00063,forge_negative,0,0,0,0,0,0,0
neg_00064,forge_negative,0,0,0,0,0,0,0
neg_00065,forge_negative,0,0,0,0,0,0,0
neg_00066,forge_negative,0,0,0,0,0,0,0
neg_00067,forge_negative,0,0,0,0,0,0,0
neg_00068,forge_negative,0,0,0,0,0,0,0
neg_00069,forge_negative,0,0,0,0,0,0,0
neg_00070,forge_negative,0,0,0,0,0,0,0
neg_00071,forge_negative,0,0,0,0,0,0,0
neg_00072,forge_negative,0,0,0,0,0,0,0
neg_00073,forge_negative,0,0,0,0,0,0,0
neg_00074,forge_negative,0,0,0,0,0,0,0
neg_00075,forge_negative,0,0,0,0,0,0,0
neg_00076,forge_negative,0,0,0,0,0,0,0
neg_00077,forge_negative,0,0,0,0,0,0,0
neg_00078,forge_negative,0,0,0,0,0,0,0
neg_00079,forge_negative,0,0,0,0,0,0,0
neg_00080,forge_negative,0,0,0,0,0,0,0
neg_00081,forge_negative,0,0,0,0,0,0,0
neg_00082,forge_negative,0,0,0,0,0,0,0
neg_00083,forge_negative,0,0,0,0,0,0,0
neg_00084,forge_negative,0,0,0,0,0,0,0
neg_00085,forge_negative,0,0,0,0,0,0,0
neg_00086,forge_negative,0,0,0,0,0,0,0
neg_00087,forge_negative,0,0,0,0,0,0,0
neg_00088,forge_negative,0,0,0,0,0,0,0
neg_00089,forge_negative,0,0,0,0,0,0,0
neg_00090,forge_negative,0,0,0,0,0,0,0
neg_00091,forge_negative,0,0,0,0,0,0,0
neg_00092,forge_negative,0,0,0,0,0,0,0
neg_00093,forge_negative,0,0,0,0,0,0,0
neg_00094,forge_negative,0,0,0,0,0,0,0
neg_00095,forge_negative,0,0,0,0,0,0,0
neg_00096,forge_negative,0,0,0,0,0,0,0
neg_00097,forge_negative,0,0,0,0,0,0,0
neg_00098,forge_negative,0,0,0,0,0,0,0
neg_00099,forge_negative,0,0,0,0,0,0,0
neg_00100,forge_negative,0,0,0,0,0,0,0
neg_00101,forge_negative,0,0,0,0,0,0,0
neg_00102,forge_negative,0,0,0,0,0,0,0
neg_00103,forge_negative,0,0,0,0,0,0,0
neg_00104,forge_negative,0,0,0,0,0,0,0
neg_00105,forge_negative,0,0,0,0,0,0,0
neg_00106,forge_negative,0,0,0,0,0,0,0
neg_00107,forge_negative,0,0,0,0,0,0,0
neg_00108,forge_negative,0,0,0,0,0,0,0
neg_00109,forge_negative,0,0,0,0,0,0,0
neg_00110,forge_negative,0,0,0,0,0,0,0
neg_00111,forge_negative,0,0,0,0,0,0,0
neg_00112,forge_negative,0,0,0,0,0,0,0
neg_00113,forge_negative,0,0,0,0,0,0,0
neg_00114,forge_negative,0,0,0,0,0,0,0
neg_00115,forge_negative,0,0,0,0,0,0,0
neg_00116,forge_negative,0,0,0,0,0,0,0
neg_00117,forge_negative,0,0,0,0,0,0,0
neg_00118,forge_negative,0,0,0,0,0,0,0
neg_00119,forge_negative,0,0,0,0,0,0,0
neg_00120,forge_negative,0,0,0,0,0,0,0
neg_00121,forge_negative,0,0,0,0,0,0,0
neg_00122,forge_negative,0,0,0,0,0,0,0
neg_00123,forge_negative,0,0,0,0,0,0,0
neg_00124,forge_negative,0,0,0,0,0,0,0
neg_00125,forge_negative,0,0,0,0,0,0,0
neg_00126,forge_negative,0,0,0,0,0,0,0
neg_00127,forge_negative,0,0,0,0,0,0,0
neg_00128,forge_negative,0,0,0,0,0,0,0
neg_00129,forge_negative,0,0,0,0,0,0,0
neg_00130,forge_negative,0,0,0,0,0,0,0
neg_00131,forge_negative,0,0,0,0,0,0,0
neg_00132,forge_negative,0,0,0,0,0,0,0
neg_00133,forge_negative,0,0,0,0,0,0,0
neg_00134,forge_negative,0,0,0,0,0,0,0
neg_00135,forge_negative,0,0,0,0,0,0,0
neg_00136,forge_negative,0,0,0,0,0,0,0
neg_00137,forge_negative,0,0,0,0,0,0,0
neg_00138,forge_negative,0,0,0,0,0,0,0
neg_00139,forge_negative,0,0,0,0,0,0,0
neg_00140,forge_negative,0,0,0,0,0,0,0
neg_00141,forge_negative,0,0,0,0,0,0,0
neg_00142,forge_negative,0,0,0,0,0,0,0
neg_00143,forge_negative,0,0,0,0,0,0,0
neg_00144,forge_negative,0,0,0,0,0,0,0
neg_00145,forge_negative,0,0,0,0,0,0,0
neg_00146,forge_negative,0,0,0,0,0,0,0
neg_00147,forge_negative,0,0,0,0,0,0,0
neg_00148,forge_negative,0,0,0,0,0,0,0
neg_00149,forge_negative,0,0,0,0,0,0,0
neg_00150,forge_negative,0,0,0,0,0,0,0
neg_00151,forge_negative,0,0,0,0,0,0,0
neg_00152,forge_negative,0,0,0,0,0,0,0
neg_00153,forge_negative,0,0,0,0,0,0,0
neg_00154,forge_negative,0,0,0,0,0,0,0
neg_00155,forge_negative,0,0,0,0,0,0,0
neg_00156,forge_negative,0,0,0,0,0,0,0
neg_00157,forge_negative,0,0,0,0,0,0,0
neg_00158,forge_negative,0,0,0,0,0,0,0
neg_00159,forge_negative,0,0,0,0,0,0,0
neg_00160,forge_negative,0,0,0,0,0,0,0
neg_00161,forge_negative,0,0,0,0,0,0,0
neg_00162,forge_negative,0,0,0,0,0,0,0
neg_00163,forge_negative,0,0,0,0,0,0,0
neg_00164,forge_negative,0,0,0,0,0,0,0
neg_00165,forge_negative,0,0,0,0,0,0,0
neg_00166,forge_negative,0,0,0,0,0,0,0
neg_00167,forge_negative,0,0,0,0,0,0,0
neg_00168,forge_negative,0,0,0,0,0,0,0
neg_00169,forge_negative,0,0,0,0,0,0,0
neg_00170,forge_negative,0,0,0,0,0,0,0
neg_00171,forge_negative,0,0,0,0,0,0,0
neg_00172,forge_negative,0,0,0,0,0,0,0
neg_00173,forge_negative,0,0,0,0,0,0,0
neg_00174,forge_negative,0,0,0,0,0,0,0
neg_00175,forge_negative,0,0,0,0,0,0,0
neg_00176,forge_negative,0,0,0,0,0,0,0
neg_00177,forge_negative,0,0,0,0,0,0,0
neg_00178,forge_negative,0,0,0,0,0,0,0
neg_00179,forge_negative,0,0,0,0,0,0,0
neg_00180,forge_negative,0,0,0,0,0,0,0
neg_00181,forge_negative,0,0,0,0,0,0,0
neg_00182,forge_negative,0,0,0,0,0,0,0
neg_00183,forge_negative,0,0,0,0,0,0,0
neg_00184,forge_negative,0,0,0,0,0,0,0
neg_00185,forge_negative,0,0,0,0,0,0,0
neg_00186,forge_negative,0,0,0,0,0,0,0
neg_00187,forge_negative,0,0,0,0,0,0,0
neg_00188,forge_negative,0,0,0,0,0,0,0
neg_00189,forge_negative,0,0,0,0,0,0,0
neg_00190,forge_negative,0,0,0,0,0,0,0
neg_00191,forge_negative,0,0,0,0,0,0,0
neg_00192,forge_negative,0,0,0,0,0,0,0
neg_00193,forge_negative,0,0,0,0,0,0,0
neg_00194,forge_negative,0,0,0,0,0,0,0
neg_00195,forge_negative,0,0,0,0,0,0,0
neg_00196,forge_negative,0,0,0,0,0,0,0
neg_00197,forge_negative,0,0,0,0,0,0,0
neg_00198,forge_negative,0,0,0,0,0,0,0
neg_00199,forge_negative,0,0,0,0,0,0,0
neg_00200,forge_negative,0,0,0,0,0,0,0
neg_00201,forge_negative,0,0,0,0,0,0,0
neg_00202,forge_negative,0,0,0,0,0,0,0
neg_00203,forge_negative,0,0,0,0,0,0,0
neg_00204,forge_negative,0,0,0,0,0,0,0
neg_00205,forge_negative,0,0,0,0,0,0,0
neg_00206,forge_negative,0,0,0,0,0,0,0
neg_00207,forge_negative,0,0,0,0,0,0,0
neg_00208,forge_negative,0,0,0,0,0,0,0
neg_00209,forge_negative,0,0,0,0,0,0,0
neg_00210,forge_negative,0,0,0,0,0,0,0
neg_00211,forge_negative,0,0,0,0,0,0,0
neg_00212,forge_negative,0,0,0,0,0,0,0
neg_00213,forge_negative,0,0,0,0,0,0,0
neg_00214,forge_negative,0,0,0,0,0,0,0
neg_00215,forge_negative,0,0,0,0,0,0,0
neg_00216,forge_negative,0,0,0,0,0,0,0
neg_00217,forge_negative,0,0,0,0,0,0,0
neg_00218,forge_negative,0,0,0,0,0,0,0
neg_00219,forge_negative,0,0,0,0,0,0,0
neg_00220,forge_negative,0,0,0,0,0,0,0
neg_00221,forge_negative,0,0,0,0,0,0,0
neg_00222,forge_negative,0,0,0,0,0,0,0
neg_00223,forge_negative,0,0,0,0,0,0,0
neg_00224,forge_negative,0,0,0,0,0,0,0
neg_00225,forge_negative,0,0,0,0,0,0,0
neg_00226,forge_negative,0,0,0,0,0,0,0
neg_00227,forge_negative,0,0,0,0,0,0,0
neg_00228,forge_negative,0,0,0,0,0,0,0
neg_00229,forge_negative,0,0,0,0,0,0,0
neg_00230,forge_negative,0,0,0,0,0,0,0
neg_00231,forge_negative,0,0,0,0,0,0,0
neg_00232,forge_negative,0,0,0,0,0,0,0
neg_00233,forge_negative,0,0,0,0,0,0,0
neg_00234,forge_negative,0,0,0,0,0,0,0
neg_00235,forge_negative,0,0,0,0,0,0,0
neg_00236,forge_negative,0,0,0,0,0,0,0
neg_00237,forge_negative,0,0,0,0,0,0,0
neg_00238,forge_negative,0,0,0,0,0,0,0
neg_00239,forge_negative,0,0,0,0,0,0,0
neg_00240,forge_negative,0,0,0,0,0,0,0
neg_00241,forge_negative,0,0,0,0,0,0,0
neg_00242,forge_negative,0,0,0,0,0,0,0
neg_00243,forge_negative,0,0,0,0,0,0,0
neg_00244,forge_negative,0,0,0,0,0,0,0
neg_00245,forge_negative,0,0,0,0,0,0,0
neg_00246,forge_negative,0,0,0,0,0,0,0
neg_00247,forge_negative,0,0,0,0,0,0,0
neg_00248,forge_negative,0,0,0,0,0,0,0
neg_00249,forge_negative,0,0,0,0,0,0,0
neg_00250,forge_negative,0,0,0,0,0,0,0
neg_00251,forge_negative,0,0,0,0,0,0,0
neg_00252,forge_negative,0,0,0,0,0,0,0
neg_00253,forge_negative,0,0,0,0,0,0,0
neg_00254,forge_negative,0,0,0,0,0,0,0
neg_00255,forge_negative,0,0,0,0,0,0,0
neg_00256,forge_negative,0,0,0,0,0,0,0
neg_00257,forge_negative,0,0,0,0,0,0,0
neg_00258,forge_negative,0,0,0,0,0,0,0
neg_00259,forge_negative,0,0,0,0,0,0,0
neg_00260,forge_negative,0,0,0,0,0,0,0
neg_00261,forge_negative,0,0,0,0,0,0,0
neg_00262,forge_negative,0,0,0,0,0,0,0
neg_00263,forge_negative,0,0,0,0,0,0,0
neg_00264,forge_negative,0,0,0,0,0,0,0
neg_00265,forge_negative,0,0,0,0,0,0,0
neg_00266,forge_negative,0,0,0,0,0,0,0
neg_00267,forge_negative,0,0,0,0,0,0,0
neg_00268,forge_negative,0,0,0,0,0,0,0
neg_00269,forge_negative,0,0,0,0,0,0,0
neg_00270,forge_negative,0,0,0,0,0,0,0
neg_00271,forge_negative,0,0,0,0,0,0,0
neg_00272,forge_negative,0,0,0,0,0,0,0
neg_00273,forge_negative,0,0,0,0,0,0,0
neg_00274,forge_negative,0,0,0,0,0,0,0
neg_00275,forge_negative,0,0,0,0,0,0,0
neg_00276,forge_negative,0,0,0,0,0,0,0
neg_00277,forge_negative,0,0,0,0,0,0,0
neg_00278,forge_negative,0,0,0,0,0,0,0
neg_00279,forge_negative,0,0,0,0,0,0,0
neg_00280,forge_negative,0,0,0,0,0,0,0
neg_00281,forge_negative,0,0,0,0,0,0,0
neg_00282,forge_negative,0,0,0,0,0,0,0
neg_00283,forge_negative,0,0,0,0,0,0,0
neg_00284,forge_negative,0,0,0,0,0,0,0
neg_00285,forge_negative,0,0,0,0,0,0,0
neg_00286,forge_negative,0,0,0,0,0,0,0
neg_00287,forge_negative,0,0,0,0,0,0,0
neg_00288,forge_negative,0,0,0,0,0,0,0
neg_00289,forge_negative,0,0,0,0,0,0,0
neg_00290,forge_negative,0,0,0,0,0,0,0
neg_00291,forge_negative,0,0,0,0,0,0,0
neg_00292,forge_negative,0,0,0,0,0,0,0
neg_00293,forge_negative,0,0,0,0,0,0,0
neg_00294,forge_negative,0,0,0,0,0,0,0
neg_00295,forge_negative,0,0,0,0,0,0,0
neg_00296,forge_negative,0,0,0,0,0,0,0
neg_00297,forge_negative,0,0,0,0,0,0,0
neg_00298,forge_negative,0,0,0,0,0,0,0
neg_00299,forge_negative,0,0,0,0,0,0,0
neg_00300,forge_negative,0,0,0,0,0,0,0
neg_00301,forge_negative,0,0,0,0,0,0,0
neg_00302,forge_negative,0,0,0,0,0,0,0
neg_00303,forge_negative,0,0,0,0,0,0,0
neg_00304,forge_negative,0,0,0,0,0,0,0
neg_00305,forge_negative,0,0,0,0,0,0,0
neg_00306,forge_negative,0,0,0,0,0,0,0
neg_00307,forge_negative,0,0,0,0,0,0,0
neg_00308,forge_negative,0,0,0,0,0,0,0
neg_00309,forge_negative,0,0,0,0,0,0,0
neg_00310,forge_negative,0,0,0,0,0,0,0
neg_00311,forge_negative,0,0,0,0,0,0,0
neg_00312,forge_negative,0,0,0,0,0,0,0
neg_00313,forge_negative,0,0,0,0,0,0,0
neg_00314,forge_negative,0,0,0,0,0,0,0
neg_00315,forge_negative,0,0,0,0,0,0,0
neg_00316,forge_negative,0,0,0,0,0,0,0
neg_00317,forge_negative,0,0,0,0,0,0,0
neg_00318,forge_negative,0,0,0,0,0,0,0
neg_00319,forge_negative,0,0,0,0,0,0,0
neg_00320,forge_negative,0,0,0,0,0,0,0
neg_00321,forge_negative,0,0,0,0,0,0,0
neg_00322,forge_negative,0,0,0,0,0,0,0
neg_00323,forge_negative,0,0,0,0,0,0,0
neg_00324,forge_negative,0,0,0,0,0,0,0
neg_00325,forge_negative,0,0,0,0,0,0,0
neg_00326,forge_negative,0,0,0,0,0,0,0
neg_00327,forge_negative,0,0,0,0,0,0,0
neg_00328,forge_negative,0,0,0,0,0,0,0
neg_00329,forge_negative,0,0,0,0,0,0,0
neg_00330,forge_negative,0,0,0,0,0,0,0
neg_00331,forge_negative,0,0,0,0,0,0,0
neg_00332,forge_negative,0,0,0,0,0,0,0
neg_00333,forge_negative,0,0,0,0,0,0,0
neg_00334,forge_negative,0,0,0,0,0,0,0
neg_00335,forge_negative,0,0,0,0,0,0,0
neg_00336,forge_negative,0,0,0,0,0,0,0
neg_00337,forge_negative,0,0,0,0,0,0,0
neg_00338,forge_negative,0,0,0,0,0,0,0
neg_00339,forge_negative,0,0,0,0,0,0,0
neg_00340,forge_negative,0,0,0,0,0,0,0
neg_00341,forge_negative,0,0,0,0,0,0,0
neg_00342,forge_negative,0,0,0,0,0,0,0
neg_00343,forge_negative,0,0,0,0,0,0,0
neg_00344,forge_negative,0,0,0,0,0,0,0
neg_00345,forge_negative,0,0,0,0,0,0,0
neg_00346,forge_negative,0,0,0,0,0,0,0
neg_00347,forge_negative,0,0,0,0,0,0,0
neg_00348,forge_negative,0,0,0,0,0,0,0
neg_00349,forge_negative,0,0,0,0,0,0,0
neg_00350,forge_negative,0,0,0,0,0,0,0
neg_00351,forge_negative,0,0,0,0,0,0,0
neg_00352,forge_negative,0,0,0,0,0,0,0
neg_00353,forge_negative,0,0,0,0,0,0,0
neg_00354,forge_negative,0,0,0,0,0,0,0
neg_00355,forge_negative,0,0,0,0,0,0,0
neg_00356,forge_negative,0,0,0,0,0,0,0
neg_00357,forge_negative,0,0,0,0,0,0,0
neg_00358,forge_negative,0,0,0,0,0,0,0
neg_00359,forge_negative,0,0,0,0,0,0,0
neg_00360,forge_negative,0,0,0,0,0,0,0
neg_00361,forge_negative,0,0,0,0,0,0,0
neg_00362,forge_negative,0,0,0,0,0,0,0
neg_00363,forge_negative,0,0,0,0,0,0,0
neg_00364,forge_negative,0,0,0,0,0,0,0
neg_00365,forge_negative,0,0,0,0,0,0,0
neg_00366,forge_negative,0,0,0,0,0,0,0
neg_00367,forge_negative,0,0,0,0,0,0,0
neg_00368,forge_negative,0,0,0,0,0,0,0
neg_00369,forge_negative,0,0,0,0,0,0,0
neg_00370,forge_negative,0,0,0,0,0,0,0
neg_00371,forge_negative,0,0,0,0,0,0,0
neg_00372,forge_negative,0,0,0,0,0,0,0
neg_00373,forge_negative,0,0,0,0,0,0,0
neg_00374,forge_negative,0,0,0,0,0,0,0
neg_00375,forge_negative,0,0,0,0,0,0,0
neg_00376,forge_negative,0,0,0,0,0,0,0
neg_00377,forge_negative,0,0,0,0,0,0,0
neg_00378,forge_negative,0,0,0,0,0,0,0
neg_00379,forge_negative,0,0,0,0,0,0,0
neg_00380,forge_negative,0,0,0,0,0,0,0
neg_00381,forge_negative,0,0,0,0,0,0,0
neg_00382,forge_negative,0,0,0,0,0,0,0
neg_00383,forge_negative,0,0,0,0,0,0,0
neg_00384,forge_negative,0,0,0,0,0,0,0
neg_00385,forge_negative,0,0,0,0,0,0,0
neg_00386,forge_negative,0,0,0,0,0,0,0
neg_00387,forge_negative,0,0,0,0,0,0,0
neg_00388,forge_negative,0,0,0,0,0,0,0
neg_00389,forge_negative,0,0,0,0,0,0,0
neg_00390,forge_negative,0,0,0,0,0,0,0
neg_00391,forge_negative,0,0,0,0,0,0,0
neg_00392,forge_negative,0,0,0,0,0,0,0
neg_00393,forge_negative,0,0,0,0,0,0,0
neg_00394,forge_negative,0,0,0,0,0,0,0
neg_00395,forge_negative,0,0,0,0,0,0,0
neg_00396,forge_negative,0,0,0,0,0,0,0
neg_00397,forge_negative,0,0,0,0,0,0,0
neg_00398,forge_negative,0,0,0,0,0,0,0
neg_00399,forge_negative,0,0,0,0,0,0,0
neg_00400,forge_negative,0,0,0,0,0,0,0
neg_00401,forge_negative,0,0,0,0,0,0,0
neg_00402,forge_negative,0,0,0,0,0,0,0
neg_00403,forge_negative,0,0,0,0,0,0,0
neg_00404,forge_negative,0,0,0,0,0,0,0
neg_00405,forge_negative,0,0,0,0,0,0,0
neg_00406,forge_negative,0,0,0,0,0,0,0
neg_00407,forge_negative,0,0,0,0,0,0,0
neg_00408,forge_negative,0,0,0,0,0,0,0
neg_00409,forge_negative,0,0,0,0,0,0,0
neg_00410,forge_negative,0,0,0,0,0,0,0
neg_00411,forge_negative,0,0,0,0,0,0,0
neg_00412,forge_negative,0,0,0,0,0,0,0
neg_00413,forge_negative,0,0,0,0,0,0,0
neg_00414,forge_negative,0,0,0,0,0,0,0
neg_00415,forge_negative,0,0,0,0,0,0,0
neg_00416,forge_negative,0,0,0,0,0,0,0
neg_00417,forge_negative,0,0,0,0,0,0,0
neg_00418,forge_negative,0,0,0,0,0,0,0
neg_00419,forge_negative,0,0,0,0,0,0,0
neg_00420,forge_negative,0,0,0,0,0,0,0
neg_00421,forge_negative,0,0,0,0,0,0,0
neg_00422,forge_negative,0,0,0,0,0,0,0
neg_00423,forge_negative,0,0,0,0,0,0,0
neg_00424,forge_negative,0,0,0,0,0,0,0
neg_00425,forge_negative,0,0,0,0,0,0,0
neg_00426,forge_negative,0,0,0,0,0,0,0
neg_00427,forge_negative,0,0,0,0,0,0,0
neg_00428,forge_negative,0,0,0,0,0,0,0
neg_00429,forge_negative,0,0,0,0,0,0,0
neg_00430,forge_negative,0,0,0,0,0,0,0
neg_00431,forge_negative,0,0,0,0,0,0,0
neg_00432,forge_negative,0,0,0,0,0,0,0
neg_00433,forge_negative,0,0,0,0,0,0,0
neg_00434,forge_negative,0,0,0,0,0,0,0
neg_00435,forge_negative,0,0,0,0,0,0,0
neg_00436,forge_negative,0,0,0,0,0,0,0
neg_00437,forge_negative,0,0,0,0,0,0,0
neg_00438,forge_negative,0,0,0,0,0,0,0
neg_00439,forge_negative,0,0,0,0,0,0,0
neg_00440,forge_negative,0,0,0,0,0,0,0
neg_00441,forge_negative,0,0,0,0,0,0,0
neg_00442,forge_negative,0,0,0,0,0,0,0
neg_00443,forge_negative,0,0,0,0,0,0,0
neg_00444,forge_negative,0,0,0,0,0,0,0
neg_00445,forge_negative,0,0,0,0,0,0,0
neg_00446,forge_negative,0,0,0,0,0,0,0
neg_00447,forge_negative,0,0,0,0,0,0,0
neg_00448,forge_negative,0,0,0,0,0,0,0
neg_00449,forge_negative,0,0,0,0,0,0,0
neg_00450,forge_negative,0,0,0,0,0,0,0
neg_00451,forge_negative,0,0,0,0,0,0,0
neg_00452,forge_negative,0,0,0,0,0,0,0
neg_00453,forge_negative,0,0,0,0,0,0,0
neg_00454,forge_negative,0,0,0,0,0,0,0
neg_00455,forge_negative,0,0,0,0,0,0,0
neg_00456,forge_negative,0,0,0,0,0,0,0
neg_00457,forge_negative,0,0,0,0,0,0,0
neg_00458,forge_negative,0,0,0,0,0,0,0
neg_00459,forge_negative,0,0,0,0,0,0,0
neg_00460,forge_negative,0,0,0,0,0,0,0
neg_00461,forge_negative,0,0,0,0,0,0,0
neg_00462,forge_negative,0,0,0,0,0,0,0
neg_00463,forge_negative,0,0,0,0,0,0,0
neg_00464,forge_negative,0,0,0,0,0,0,0
neg_00465,forge_negative,0,0,0,0,0,0,0
neg_00466,forge_negative,0,0,0,0,0,0,0
neg_00467,forge_negative,0,0,0,0,0,0,0
neg_00468,forge_negative,0,0,0,0,0,0,0
neg_00469,forge_negative,0,0,0,0,0,0,0
neg_00470,forge_negative,0,0,0,0,0,0,0
neg_00471,forge_negative,0,0,0,0,0,0,0
neg_00472,forge_negative,0,0,0,0,0,0,0
neg_00473,forge_negative,0,0,0,0,0,0,0
neg_00474,forge_negative,0,0,0,0,0,0,0
neg_00475,forge_negative,0,0,0,0,0,0,0
neg_00476,forge_negative,0,0,0,0,0,0,0
neg_00477,forge_negative,0,0,0,0,0,0,0
neg_00478,forge_negative,0,0,0,0,0,0,0
neg_00479,forge_negative,0,0,0,0,0,0,0
neg_00480,forge_negative,0,0,0,0,0,0,0
neg_00481,forge_negative,0,0,0,0,0,0,0
neg_00482,forge_negative,0,0,0,0,0,0,0
neg_00483,forge_negative,0,0,0,0,0,0,0
neg_00484,forge_negative,0,0,0,0,0,0,0
neg_00485,forge_negative,0,0,0,0,0,0,0
neg_00486,forge_negative,0,0,0,0,0,0,0
neg_00487,forge_negative,0,0,0,0,0,0,0
neg_00488,forge_negative,0,0,0,0,0,0,0
neg_00489,forge_negative,0,0,0,0,0,0,0
neg_00490,forge_negative,0,0,0,0,0,0,0
neg_00491,forge_negative,0,0,0,0,0,0,0
neg_00492,forge_negative,0,0,0,0,0,0,0
neg_00493,forge_negative,0,0,0,0,0,0,0
neg_00494,forge_negative,0,0,0,0,0,0,0
neg_00495,forge_negative,0,0,0,0,0,0,0
neg_00496,forge_negative,0,0,0,0,0,0,0
neg_00497,forge_negative,0,0,0,0,0,0,0
neg_00498,forge_negative,0,0,0,0,0,0,0
neg_00499,forge_negative,0,0,0,0,0,0,0
neg_00500,forge_negative,0,0,0,0,0,0,0
neg_00501,forge_negative,0,0,0,0,0,0,0
neg_00502,forge_negative,0,0,0,0,0,0,0
neg_00503,forge_negative,0,0,0,0,0,0,0
neg_00504,forge_negative,0,0,0,0,0,0,0
neg_00505,forge_negative,0,0,0,0,0,0,0
neg_00506,forge_negative,0,0,0,0,0,0,0
neg_00507,forge_negative,0,0,0,0,0,0,0
neg_00508,forge_negative,0,0,0,0,0,0,0
neg_00509,forge_negative,0,0,0,0,0,0,0
neg_00510,forge_negative,0,0,0,0,0,0,0
neg_00511,forge_negative,0,0,0,0,0,0,0
neg_00512,forge_negative,0,0,0,0,0,0,0
neg_00513,forge_negative,0,0,0,0,0,0,0
neg_00514,forge_negative,0,0,0,0,0,0,0
neg_00515,forge_negative,0,0,0,0,0,0,0
neg_00516,forge_negative,0,0,0,0,0,0,0
neg_00517,forge_negative,0,0,0,0,0,0,0
neg_00518,forge_negative,0,0,0,0,0,0,0
neg_00519,forge_negative,0,0,0,0,0,0,0
neg_00520,forge_negative,0,0,0,0,0,0,0
neg_00521,forge_negative,0,0,0,0,0,0,0
neg_00522,forge_negative,0,0,0,0,0,0,0
neg_00523,forge_negative,0,0,0,0,0,0,0
neg_00524,forge_negative,0,0,0,0,0,0,0
neg_00525,forge_negative,0,0,0,0,0,0,0
neg_00526,forge_negative,0,0,0,0,0,0,0
neg_00527,forge_negative,0,0,0,0,0,0,0
neg_00528,forge_negative,0,0,0,0,0,0,0
neg_00529,forge_negative,0,0,0,0,0,0,0
neg_00530,forge_negative,0,0,0,0,0,0,0
neg_00531,forge_negative,0,0,0,0,0,0,0
neg_00532,forge_negative,0,0,0,0,0,0,0
neg_00533,forge_negative,0,0,0,0,0,0,0
neg_00534,forge_negative,0,0,0,0,0,0,0
neg_00535,forge_negative,0,0,0,0,0,0,0
neg_00536,forge_negative,0,0,0,0,0,0,0
neg_00537,forge_negative,0,0,0,0,0,0,0
neg_00538,forge_negative,0,0,0,0,0,0,0
neg_00539,forge_negative,0,0,0,0,0,0,0
neg_00540,forge_negative,0,0,0,0,0,0,0
neg_00541,forge_negative,0,0,0,0,0,0,0
neg_00542,forge_negative,0,0,0,0,0,0,0
neg_00543,forge_negative,0,0,0,0,0,0,0
neg_00544,forge_negative,0,0,0,0,0,0,0
neg_00545,forge_negative,0,0,0,0,0,0,0
neg_00546,forge_negative,0,0,0,0,0,0,0
neg_00547,forge_negative,0,0,0,0,0,0,0
neg_00548,forge_negative,0,0,0,0,0,0,0
neg_00549,forge_negative,0,0,0,0,0,0,0
neg_00550,forge_negative,0,0,0,0,0,0,0
neg_00551,forge_negative,0,0,0,0,0,0,0
neg_00552,forge_negative,0,0,0,0,0,0,0
neg_00553,forge_negative,0,0,0,0,0,0,0
neg_00554,forge_negative,0,0,0,0,0,0,0
neg_00555,forge_negative,0,0,0,0,0,0,0
neg_00556,forge_negative,0,0,0,0,0,0,0
neg_00557,forge_negative,0,0,0,0,0,0,0
neg_00558,forge_negative,0,0,0,0,0,0,0
neg_00559,forge_negative,0,0,0,0,0,0,0
neg_00560,forge_negative,0,0,0,0,0,0,0
neg_00561,forge_negative,0,0,0,0,0,0,0
neg_00562,forge_negative,0,0,0,0,0,0,0
neg_00563,forge_negative,0,0,0,0,0,0,0
neg_00564,forge_negative,0,0,0,0,0,0,0
neg_00565,forge_negative,0,0,0,0,0,0,0
neg_00566,forge_negative,0,0,0,0,0,0,0
neg_00567,forge_negative,0,0,0,0,0,0,0
neg_00568,forge_negative,0,0,0,0,0,0,0
neg_00569,forge_negative,0,0,0,0,0,0,0
neg_00570,forge_negative,0,0,0,0,0,0,0
neg_00571,forge_negative,0,0,0,0,0,0,0
neg_00572,forge_negative,0,0,0,0,0,0,0
neg_00573,forge_negative,0,0,0,0,0,0,0
neg_00574,forge_negative,0,0,0,0,0,0,0
neg_00575,forge_negative,0,0,0,0,0,0,0
neg_00576,forge_negative,0,0,0,0,0,0,0
neg_00577,forge_negative,0,0,0,0,0,0,0
neg_00578,forge_negative,0,0,0,0,0,0,0
neg_00579,forge_negative,0,0,0,0,0,0,0
neg_00580,forge_negative,0,0,0,0,0,0,0
neg_00581,forge_negative,0,0,0,0,0,0,0
neg_00582,forge_negative,0,0,0,0,0,0,0
neg_00583,forge_negative,0,0,0,0,0,0,0
neg_00584,forge_negative,0,0,0,0,0,0,0
neg_00585,forge_negative,0,0,0,0,0,0,0
neg_00586,forge_negative,0,0,0,0,0,0,0
neg_00587,forge_negative,0,0,0,0,0,0,0
neg_00588,forge_negative,0,0,0,0,0,0,0
neg_00589,forge_negative,0,0,0,0,0,0,0
neg_00590,forge_negative,0,0,0,0,0,0,0
neg_00591,forge_negative,0,0,0,0,0,0,0
neg_00592,forge_negative,0,0,0,0,0,0,0
neg_00593,forge_negative,0,0,0,0,0,0,0
neg_00594,forge_negative,0,0,0,0,0,0,0
neg_00595,forge_negative,0,0,0,0,0,0,0
neg_00596,forge_negative,0,0,0,0,0,0,0
neg_00597,forge_negative,0,0,0,0,0,0,0
neg_00598,forge_negative,0,0,0,0,0,0,0
neg_00599,forge_negative,0,0,0,0,0,0,0
neg_00600,forge_negative,0,0,0,0,0,0,0
neg_00601,forge_negative,0,0,0,0,0,0,0
neg_00602,forge_negative,0,0,0,0,0,0,0
neg_00603,forge_negative,0,0,0,0,0,0,0
neg_00604,forge_negative,0,0,0,0,0,0,0
neg_00605,forge_negative,0,0,0,0,0,0,0
neg_00606,forge_negative,0,0,0,0,0,0,0
neg_00607,forge_negative,0,0,0,0,0,0,0
neg_00608,forge_negative,0,0,0,0,0,0,0
neg_00609,forge_negative,0,0,0,0,0,0,0
neg_00610,forge_negative,0,0,0,0,0,0,0
neg_00611,forge_negative,0,0,0,0,0,0,0
neg_00612,forge_negative,0,0,0,0,0,0,0
neg_00613,forge_negative,0,0,0,0,0,0,0
neg_00614,forge_negative,0,0,0,0,0,0,0
neg_00615,forge_negative,0,0,0,0,0,0,0
neg_00616,forge_negative,0,0,0,0,0,0,0
neg_00617,forge_negative,0,0,0,0,0,0,0
neg_00618,forge_negative,0,0,0,0,0,0,0
neg_00619,forge_negative,0,0,0,0,0,0,0
neg_00620,forge_negative,0,0,0,0,0,0,0
neg_00621,forge_negative,0,0,0,0,0,0,0
neg_00622,forge_negative,0,0,0,0,0,0,0
neg_00623,forge_negative,0,0,0,0,0,0,0
neg_00624,forge_negative,0,0,0,0,0,0,0
neg_00625,forge_negative,0,0,0,0,0,0,0
neg_00626,forge_negative,0,0,0,0,0,0,0
neg_00627,forge_negative,0,0,0,0,0,0,0
neg_00628,forge_negative,0,0,0,0,0,0,0
neg_00629,forge_negative,0,0,0,0,0,0,0
neg_00630,forge_negative,0,0,0,0,0,0,0
neg_00631,forge_negative,0,0,0,0,0,0,0
neg_00632,forge_negative,0,0,0,0,0,0,0
neg_00633,forge_negative,0,0,0,0,0,0,0
neg_00634,forge_negative,0,0,0,0,0,0,0
neg_00635,forge_negative,0,0,0,0,0,0,0
neg_00636,forge_negative,0,0,0,0,0,0,0
neg_00637,forge_negative,0,0,0,0,0,0,0
neg_00638,forge_negative,0,0,0,0,0,0,0
neg_00639,forge_negative,0,0,0,0,0,0,0
neg_00640,forge_negative,0,0,0,0,0,0,0
neg_00641,forge_negative,0,0,0,0,0,0,0
neg_00642,forge_negative,0,0,0,0,0,0,0
neg_00643,forge_negative,0,0,0,0,0,0,0
neg_00644,forge_negative,0,0,0,0,0,0,0
neg_00645,forge_negative,0,0,0,0,0,0,0
neg_00646,forge_negative,0,0,0,0,0,0,0
neg_00647,forge_negative,0,0,0,0,0,0,0
neg_00648,forge_negative,0,0,0,0,0,0,0
neg_00649,forge_negative,0,0,0,0,0,0,0
neg_00650,forge_negative,0,0,0,0,0,0,0
neg_00651,forge_negative,0,0,0,0,0,0,0
neg_00652,forge_negative,0,0,0,0,0,0,0
neg_00653,forge_negative,0,0,0,0,0,0,0
neg_00654,forge_negative,0,0,0,0,0,0,0
neg_00655,forge_negative,0,0,0,0,0,0,0
neg_00656,forge_negative,0,0,0,0,0,0,0
neg_00657,forge_negative,0,0,0,0,0,0,0
neg_00658,forge_negative,0,0,0,0,0,0,0
neg_00659,forge_negative,0,0,0,0,0,0,0
neg_00660,forge_negative,0,0,0,0,0,0,0
neg_00661,forge_negative,0,0,0,0,0,0,0
neg_00662,forge_negative,0,0,0,0,0,0,0
neg_00663,forge_negative,0,0,0,0,0,0,0
neg_00664,forge_negative,0,0,0,0,0,0,0
neg_00665,forge_negative,0,0,0,0,0,0,0
neg_00666,forge_negative,0,0,0,0,0,0,0
neg_00667,forge_negative,0,0,0,0,0,0,0
neg_00668,forge_negative,0,0,0,0,0,0,0
neg_00669,forge_negative,0,0,0,0,0,0,0
neg_00670,forge_negative,0,0,0,0,0,0,0
neg_00671,forge_negative,0,0,0,0,0,0,0
neg_00672,forge_negative,0,0,0,0,0,0,0
neg_00673,forge_negative,0,0,0,0,0,0,0
neg_00674,forge_negative,0,0,0,0,0,0,0
neg_00675,forge_negative,0,0,0,0,0,0,0
neg_00676,forge_negative,0,0,0,0,0,0,0
neg_00677,forge_negative,0,0,0,0,0,0,0
neg_00678,forge_negative,0,0,0,0,0,0,0
neg_00679,forge_negative,0,0,0,0,0,0,0
neg_00680,forge_negative,0,0,0,0,0,0,0
neg_00681,forge_negative,0,0,0,0,0,0,0
neg_00682,forge_negative,0,0,0,0,0,0,0
neg_00683,forge_negative,0,0,0,0,0,0,0
neg_00684,forge_negative,0,0,0,0,0,0,0
neg_00685,forge_negative,0,0,0,0,0,0,0
neg_00686,forge_negative,0,0,0,0,0,0,0
neg_00687,forge_negative,0,0,0,0,0,0,0
neg_00688,forge_negative,0,0,0,0,0,0,0
neg_00689,forge_negative,0,0,0,0,0,0,0
neg_00690,forge_negative,0,0,0,0,0,0,0
neg_00691,forge_negative,0,0,0,0,0,0,0
neg_00692,forge_negative,0,0,0,0,0,0,0
neg_00693,forge_negative,0,0,0,0,0,0,0
neg_00694,forge_negative,0,0,0,0,0,0,0
neg_00695,forge_negative,0,0,0,0,0,0,0
neg_00696,forge_negative,0,0,0,0,0,0,0
neg_00697,forge_negative,0,0,0,0,0,0,0
neg_00698,forge_negative,0,0,0,0,0,0,0
neg_00699,forge_negative,0,0,0,0,0,0,0
